{"loss": [1.5710721015930176, 1.4789639711380005, 1.3597460985183716, 1.230536937713623, 1.1610583066940308, 1.1230441331863403], "val_loss": [181.55377197265625, 386.3800048828125, 179.28395080566406, 297.92584228515625, 419.97149658203125, 432.3249206542969]}