{"loss": [60.14668273925781, 25.9498348236084, 19.56646728515625, 15.33053207397461, 12.43953800201416], "val_loss": [103.60227966308594, 86.5494613647461, 78.99811553955078, 142.3216552734375, 160.4568634033203]}{"loss": [10.304139137268066, 8.427996635437012, 7.021056175231934, 5.983240604400635, 5.3322978019714355], "val_loss": [356.8224792480469, 370.1278381347656, 405.52874755859375, 356.78082275390625, 584.1908569335938]}{"loss": [4.672358512878418, 4.220269203186035, 3.9301788806915283, 3.334003448486328, 3.0108461380004883], "val_loss": [369.95208740234375, 590.4385375976562, 450.2972412109375, 287.3487243652344, 291.1767883300781]}{"loss": [2.85863995552063, 2.5428061485290527, 2.3560519218444824, 2.1418817043304443, 2.0102038383483887], "val_loss": [364.32489013671875, 440.6053161621094, 340.3766784667969, 327.7391052246094, 394.900390625]}{"loss": [1.9309167861938477, 1.757634162902832, 1.6318180561065674, 1.5421838760375977, 1.483168125152588], "val_loss": [551.9966430664062, 263.74237060546875, 335.4858093261719, 509.3013000488281, 221.06126403808594]}