{"loss": [0.6489611864089966, 0.09271314740180969], "val_loss": [97.4069595336914, 306.03961181640625]}