{"loss": [0.2587067484855652, 0.16261103749275208, 0.17094041407108307], "val_loss": [5.3862128257751465, 3.539494752883911, 4.8882598876953125]}